product_id,shop_id,product_title,product_detail_url,product_main_image_url,original_price,target_sale_price,original_price_currency,target_sale_price_currency,discount,evaluate_rate,first_level_category_name,second_level_category_name,status,first_seen_at,last_seen_at,raw_json
4000103904742,5223020,Genuine Natural White Jade Bangle Bracelet Charm Jewellery Fashion Accessories Hand-Carved Lucky Amulet Gifts for Women Her Men,https://www.aliexpress.com/item/4000103904742.html?pdp_npi=4%40dis%21EUR%2110.78%215.39%21%21%2112.27%216.14%21%402140c65d17556023723312379d0e1e%2110000000269909622%21affd%21%21%21,https://ae-pic-a1.aliexpress-media.com/kf/S7ddbd31219a9482e8d64921e4f1888c03.jpg,12.27,5.39,USD,EUR,50%,100.0%,Jewelry & Accessories,Customized Jewelry,PENDING,2025-08-19 11:55:02.267826,2025-08-19 11:55:02.267826,"{""app_sale_price"": ""6.14"", ""original_price"": ""12.27"", ""product_detail_url"": ""https://www.aliexpress.com/item/4000103904742.html?pdp_npi=4%40dis%21EUR%2110.78%215.39%21%21%2112.27%216.14%21%402140c65d17556023723312379d0e1e%2110000000269909622%21affd%21%21%21"", ""product_small_image_urls"": {""string"": [""https://ae-pic-a1.aliexpress-media.com/kf/S7ddbd31219a9482e8d64921e4f1888c03.jpg"", ""https://ae-pic-a1.aliexpress-media.com/kf/S6db0cefb0d9840ddb9d03bc8ea94f3dbQ.jpg"", ""https://ae-pic-a1.aliexpress-media.com/kf/S0894f6147aa443c1a9c7749539814d45K.jpg"", ""https://ae-pic-a1.aliexpress-media.com/kf/Sc663302d47654b71bfbce8a54ce09674s.jpg"", ""https://ae-pic-a1.aliexpress-media.com/kf/S239f27479229467a8cf6d30489726545v.jpg"", ""https://ae-pic-a1.aliexpress-media.com/kf/Sf198d8baa2194ded9e546ac6e0131caes.jpg""]}, ""second_level_category_name"": ""Customized Jewelry"", ""target_sale_price"": ""5.39"", ""second_level_category_id"": 201239108, ""discount"": ""50%"", ""product_main_image_url"": ""https://ae-pic-a1.aliexpress-media.com/kf/S7ddbd31219a9482e8d64921e4f1888c03.jpg"", ""first_level_category_id"": 36, ""target_sale_price_currency"": ""EUR"", ""target_app_sale_price_currency"": ""EUR"", ""tax_rate"": ""0.19"", ""original_price_currency"": ""USD"", ""shop_url"": ""https://www.aliexpress.com/store/5223020"", ""target_original_price_currency"": ""EUR"", ""product_id"": 4000103904742, ""target_original_price"": ""10.78"", ""product_video_url"": """", ""first_level_category_name"": ""Jewelry & Accessories"", ""promotion_link"": ""https://s.click.aliexpress.com/s/fwx308cRD9Eny963e3KDdYxyIpNj8TXVr7saiF9Um5rMUg1kZtJALLnfa2LNXtiVgnxdD8Og6MmvwBoxhnSYQGM6r0c08U4TfX8DFGo7vviCuu3q62Q60OAhRZcqm3G8PtwM69xY7TOEWRrvulP5ukZQ4uQbBBtaVsdr6EffAqVmp3O5GyUANU2DoA3dJufNhDfh7KOlLgKIvRVhDxRESHLmea6fTE26gLUqKEUuuizJiLENrCbax94DZHDu8WhaXM9vQ86gzlqceNPO5w3vwXm4VrBF3xpjK0z5F4tXx7la8qLVQd4zJbXyg9dixRyXKpmEUb9rPhe5nZw5bag24t9f33r77LJt0lvDkFASc72ddDMSGeAxvx8pZcK0xl8o0VI9IhAW9yXCxlHg4fp8q3aiFlClAfomxfYhW1D6CiFGmc380N3ka2X1dUPmgShRn7JF6llj9iDcM7RKm6qaxi56Hcc7hRRlQGazdfoLqB8JAETv2cSiaqtBHtx8dKnRX7uMhOJBqhKwjfMVYS1xk13wznCtfw5PbEQmq28ESbuIWlQlBSpNsZe8biDwA0841VUPHvLUaj17MPXaUI8neNZGpOZlT997mkyN1YZuSw76PyCcbIgHRbAB1gktTurQHdBKaPQW2LYVvT54KEVUdJ178iMB2YhOU0eb6pRc3z2oFzVzfZCTTXUO4PnIhyZcWljqR9hy90ACo72hc0cFcewWHjIYrWKQuja13cvkxtsNaCCxbEjnI9ue3eQs36XrAzI1b80fbJKHbN53srFA2gO8WxkTBfUONpNekvsLbTwHRfMO3nwabzGipvUZGiNk8D6DeNHIZcL5uzb8zKWPZEykFqhD9UdQjURPGnIriHoxD6I0AEyZWQr73FbY2uaHYKNS4CbJqQUreKQNBo014MyhIc6tzIDbtlLwfovUgAQiBSXSr1ofg8uGu9WHg4y49NMKm6lDxOi9CDixMP"", ""sku_id"": 10000000269909622, ""evaluate_rate"": ""100.0%"", ""shop_name"": ""MC Cn1529048805oias Store"", ""sale_price"": ""6.14"", ""product_title"": ""Genuine Natural White Jade Bangle Bracelet Charm Jewellery Fashion Accessories Hand-Carved Lucky Amulet Gifts for Women Her Men"", ""hot_product_commission_rate"": ""0.0%"", ""shop_id"": 5223020, ""app_sale_price_currency"": ""USD"", ""sale_price_currency"": ""USD"", ""lastest_volume"": 9, ""target_app_sale_price"": ""5.39"", ""commission_rate"": ""7.0%""}"
1005009427343397,1763342,54-64mm Colour Jade Bangle Bracelet Tricolor Natural Jewelry Charm Amulet Fashion Jadeite Carved Woman Chinese Gifts,https://www.aliexpress.com/item/1005009427343397.html?pdp_npi=4%40dis%21EUR%2121.98%2110.99%21%21%2125.01%2112.50%21%402140c65d17556023723312379d0e1e%2112000049062533692%21affd%21%21%21,https://ae-pic-a1.aliexpress-media.com/kf/Sf78bac9010e3498f8800af5a52db33eff.jpg,25.01,10.99,USD,EUR,50%,,Jewelry & Accessories,Customized Jewelry,PENDING,2025-08-19 11:55:02.277839,2025-08-19 11:55:02.277839,"{""app_sale_price"": ""12.50"", ""original_price"": ""25.01"", ""product_detail_url"": ""https://www.aliexpress.com/item/1005009427343397.html?pdp_npi=4%40dis%21EUR%2121.98%2110.99%21%21%2125.01%2112.50%21%402140c65d17556023723312379d0e1e%2112000049062533692%21affd%21%21%21"", ""product_small_image_urls"": {""string"": [""https://ae-pic-a1.aliexpress-media.com/kf/Sf78bac9010e3498f8800af5a52db33eff.jpg"", ""https://ae-pic-a1.aliexpress-media.com/kf/Sdbe53484d1a74867b2b86a7f3fd73d51X.jpg"", ""https://ae-pic-a1.aliexpress-media.com/kf/S8045170327d14adebaa766befbeadeacR.jpg"", ""https://ae-pic-a1.aliexpress-media.com/kf/Sbc24ee4453aa450b8f1efe386fd7538f3.jpg"", ""https://ae-pic-a1.aliexpress-media.com/kf/Sc3e0b283d996421399527c6489440428k.jpg"", ""https://ae-pic-a1.aliexpress-media.com/kf/Sdf2b3cd024ec49b09a72ca5b84131922E.jpg""]}, ""second_level_category_name"": ""Customized Jewelry"", ""target_sale_price"": ""10.99"", ""second_level_category_id"": 201239108, ""discount"": ""50%"", ""product_main_image_url"": ""https://ae-pic-a1.aliexpress-media.com/kf/Sf78bac9010e3498f8800af5a52db33eff.jpg"", ""first_level_category_id"": 36, ""target_sale_price_currency"": ""EUR"", ""target_app_sale_price_currency"": ""EUR"", ""tax_rate"": ""0.19"", ""original_price_currency"": ""USD"", ""shop_url"": ""https://www.aliexpress.com/store/1763342"", ""target_original_price_currency"": ""EUR"", ""product_id"": 1005009427343397, ""target_original_price"": ""21.98"", ""product_video_url"": """", ""first_level_category_name"": ""Jewelry & Accessories"", ""promotion_link"": ""https://s.click.aliexpress.com/s/NdpwztbAIgDMmxGbP8fFks7yUFfsHjzlImSYmA68h7xlMRgzueFsRgokQ9f9hcpVKttxtQE2VzIoqkXJXrpOr6uR3zv7mP4CDO9CddoFf4t0QE5DXPy8Pgjhz4irfQSEjEGUmy5yF3A5gJ9h3NYjLMgqIMqa3zcpq5E2BC3W5EbV40Dm9buQxWpZzw1lbX8Zm2kZtNIa4KyDieNjsH7IU6Yv8StELKVvT9r4eFAaXPGhwHsgaDqdNcmY116r3GC2YvsOopeiiZPhJrV0cwgOQDSkW93v7gVKDqPkXyZF1oSWa6wSAOeznMFVlVZDJGweDP9mHuYpFcR70Bq4jkTj1L3pWODmGc8mVJ1FrardwXUVs0ocIoFvS95GIh1H69isT0IYNNTCFeQaDShwMgOSEI3KorNvaun1Bc3lLjo80fRhxFNTNLn0io7u18G3uYgEPepGx6VARo5T6Gu3qvQB9m0waAcu7tJzgEX1hExTiP0rQYX25HPvrcKKL8f466AJ5ftuATpqf4dFnIRo5or5pjldWbdb1zY3gE3L1ZHeDz7AhjeIefIaHMcARBPixD2Tl1gLd0VG9IzshGwEFJslBtZsU993XBQpbKdjTxtHZUsgFMwBmBc6k8xKrvdu6t1H3xKq7zVjtkVjzB5bONuPgmbZeiawQkf2FCPGeOT12Vt8COt0Bnu5dJipMcl9zpfcpaLorrJxeYDnCDXIB370dTz1a3BJ7YLtbPOMZDaV7oe79WGuuDYeSZ8amK0PhIdiQoNgHaSEek7iwepyE8GlS3tmyTciFobFxvFhMuY5Tyko1tPYvB4NUWWs8jGwFYqUGMl4jwqPUaanvzrYFA0pCYf0iJinGRxEtY3RSylnS5B7r5GbRxPaW7EeruZpPftVuF5XPe4BjMDPDJ6FHE9JMKlWTgph2JkMdthGCAaJqZOhH7vPhe4hNCpYgqfDiSHPqumR4u3XrGftV6hxkzJ2rnHSJStNIDvwgtWnRQiCR58XZ"", ""sku_id"": 12000049062533692, ""shop_name"": ""Shop1763342 Store"", ""sale_price"": ""12.50"", ""product_title"": ""54-64mm Colour Jade Bangle Bracelet Tricolor Natural Jewelry Charm Amulet Fashion Jadeite Carved Woman Chinese Gifts"", ""hot_product_commission_rate"": ""0.0%"", ""shop_id"": 1763342, ""app_sale_price_currency"": ""USD"", ""sale_price_currency"": ""USD"", ""lastest_volume"": 0, ""target_app_sale_price"": ""10.99"", ""commission_rate"": ""7.0%""}"
1005007847605514,1102069154,Fidelity Raw Mine Cinnabar Purple Gold Sand Mountain Ghost Spending Money Listing Necklace Taoist  Lukcy Jewelry Men and Women's,https://www.aliexpress.com/item/1005007847605514.html?pdp_npi=4%40dis%21EUR%2128.49%2113.39%21%21%21232.95%21109.48%21%402140c65d17556023723312379d0e1e%2112000042518146912%21affd%21%21%21,https://ae-pic-a1.aliexpress-media.com/kf/Sa020bf4ed22349978a10730815b21c62Q.jpg,232.95,13.39,CNY,EUR,53%,0.0%,Jewelry & Accessories,Customized Jewelry,PENDING,2025-08-19 11:55:02.284474,2025-08-19 11:55:02.284474,"{""app_sale_price"": ""109.48"", ""original_price"": ""232.95"", ""product_detail_url"": ""https://www.aliexpress.com/item/1005007847605514.html?pdp_npi=4%40dis%21EUR%2128.49%2113.39%21%21%21232.95%21109.48%21%402140c65d17556023723312379d0e1e%2112000042518146912%21affd%21%21%21"", ""product_small_image_urls"": {""string"": [""https://ae-pic-a1.aliexpress-media.com/kf/Sa020bf4ed22349978a10730815b21c62Q.jpg"", ""https://ae-pic-a1.aliexpress-media.com/kf/Sf3f4e7529c8b4a0c82cf34b29f22e8f99.jpg"", ""https://ae-pic-a1.aliexpress-media.com/kf/S61e6ad3f971e47efb86409a537c2eee0c.jpg"", ""https://ae-pic-a1.aliexpress-media.com/kf/S0e277dc4027b409d97764e3bc6825ab7P.jpg"", ""https://ae-pic-a1.aliexpress-media.com/kf/S1c5912f6faed43ecbdb08ee617eafe35j.jpg"", ""https://ae-pic-a1.aliexpress-media.com/kf/S547d72ca08034c4ea184b46c21d0e5beE.jpg""]}, ""second_level_category_name"": ""Customized Jewelry"", ""target_sale_price"": ""13.39"", ""second_level_category_id"": 201239108, ""discount"": ""53%"", ""product_main_image_url"": ""https://ae-pic-a1.aliexpress-media.com/kf/Sa020bf4ed22349978a10730815b21c62Q.jpg"", ""first_level_category_id"": 36, ""target_sale_price_currency"": ""EUR"", ""target_app_sale_price_currency"": ""EUR"", ""tax_rate"": ""0.19"", ""original_price_currency"": ""CNY"", ""shop_url"": ""https://www.aliexpress.com/store/1102069154"", ""target_original_price_currency"": ""EUR"", ""product_id"": 1005007847605514, ""target_original_price"": ""28.49"", ""product_video_url"": """", ""first_level_category_name"": ""Jewelry & Accessories"", ""promotion_link"": ""https://s.click.aliexpress.com/s/NdpwztbAIgDMmxGbP8fFks7yUFfsHjzlImSYmA68h7xlMRgzueFsRgokQ9f9hcpVKttxtQE2VzIoqkXJXrpOr6uR3zv7mP4CDO9CddoFf4t0QE5DXPy8Pgjhz4irfQSEjEGUmy5yF3A5gJ9h3NYjLMgqIMqa3zcpq5E2BC3W5EbV40Dm9buQxWpZzw1lbX8Zm2kZtNIa4KyDieNjsH7IU6Yv8StELKVvT9r4eFAaXPGhwHsgaDqdNcmY116r3GC2YvsOopeiiZPhJrV0cwgOQDSkW93v7gVKDqPkXyZF1oSWa6wSAOeznMFVlVZDSO3w9I4ge2XRQayB67ggoE7Kax95gW1gpFWbSyYGiJR8psNAZlNK2jI0nsPWLgKJgyC3RK1GsRA239Vs9gkkdrmergH1jdjwvC6fjsbctTC2pD4TnKo4Y7doGUKsc5UMJXnrNvqa1ljmsDgMvJiauZf5dmlKU9LUKXHFQ51kWXiEVy1YSV2SbAgJWAKuk0d68mUcq4M4aTM3fq4OnkyTRRR2G4kExmAFBzILmtjgjSokMfNLBe87ZHzekluOijUjnh6r52UcTrf2obmATug5GbPvxCNNThRpUyRaEqaXFamEaBTXboC1vGFFUTTPvhFqLrVLQJm3kauig8agSQf7FdLCodgHmv9HFrlT6SWDaQKVmCmzoaM0bBhtWORdgPD2DKbtuS0hHKR4ky50nUTy1aCR7jVu3GzGQXGqDJvu5Y4tamjWju3wnoRrnIYzuMidY2XbxNZU25ikliXo0On3oi0n8leE6AGQiwNuq6ftzZrmnn8qqEPxNpxQ5GF9JQxGnXukrTL53eUmjqsunQlWf89WFPiUAocwdv5E3BPqRCaLQLq2hHqrKaNj6fLRdJMF0UNdSprbYicrleg9GUvj6VbSOxpPNR3vjyDKlJeUwrJr2DvB8tUg4W78CHXRiIEzi5USi0t6J9zNMv6szhaZZeZvV6RJfxgNjrjYNLGNtLJPFxuMj"", ""sku_id"": 12000042518146912, ""evaluate_rate"": ""0.0%"", ""shop_name"": ""UMQ Fine jewelry Store"", ""sale_price"": ""109.48"", ""product_title"": ""Fidelity Raw Mine Cinnabar Purple Gold Sand Mountain Ghost Spending Money Listing Necklace Taoist  Lukcy Jewelry Men and Women's"", ""hot_product_commission_rate"": ""0.0%"", ""shop_id"": 1102069154, ""app_sale_price_currency"": ""CNY"", ""sale_price_currency"": ""CNY"", ""lastest_volume"": 0, ""target_app_sale_price"": ""13.39"", ""commission_rate"": ""7.0%""}"
1005005483286611,1102726714,Natural Green Jadeite Bangle Jade Bracelet Charm Luxury Jewellery Fashion Accessories Hand-Carved Amulet Gifts for Women Her Men,https://www.aliexpress.com/item/1005005483286611.html?pdp_npi=4%40dis%21EUR%2119.74%2115.99%21%21%21161.41%21130.75%21%402140c65d17556023723312379d0e1e%2112000033264237860%21affd%21%21%21,https://ae-pic-a1.aliexpress-media.com/kf/S76a21c67004b43a7be8475254bb87359b.jpg,161.41,15.99,CNY,EUR,18%,100.0%,Jewelry & Accessories,Customized Jewelry,PENDING,2025-08-19 11:55:02.293435,2025-08-19 11:55:02.293435,"{""app_sale_price"": ""130.75"", ""original_price"": ""161.41"", ""product_detail_url"": ""https://www.aliexpress.com/item/1005005483286611.html?pdp_npi=4%40dis%21EUR%2119.74%2115.99%21%21%21161.41%21130.75%21%402140c65d17556023723312379d0e1e%2112000033264237860%21affd%21%21%21"", ""product_small_image_urls"": {""string"": [""https://ae-pic-a1.aliexpress-media.com/kf/S76a21c67004b43a7be8475254bb87359b.jpg"", ""https://ae-pic-a1.aliexpress-media.com/kf/Se21928ab701847c3be354c2439d8b1f8Z.jpg"", ""https://ae-pic-a1.aliexpress-media.com/kf/S83399d9a3a4e4e7e824a5f2ee3e5543ds.jpg"", ""https://ae-pic-a1.aliexpress-media.com/kf/S5cbbfa01d5364e1ca58f4c9a93b9af57V.jpg"", ""https://ae-pic-a1.aliexpress-media.com/kf/S44c0bea319634506b49bcabbd82ce20fq.jpg"", ""https://ae-pic-a1.aliexpress-media.com/kf/S561e45a7f565499ea46ce897e4e23933X.jpg""]}, ""second_level_category_name"": ""Customized Jewelry"", ""target_sale_price"": ""15.99"", ""second_level_category_id"": 201239108, ""discount"": ""18%"", ""product_main_image_url"": ""https://ae-pic-a1.aliexpress-media.com/kf/S76a21c67004b43a7be8475254bb87359b.jpg"", ""first_level_category_id"": 36, ""target_sale_price_currency"": ""EUR"", ""target_app_sale_price_currency"": ""EUR"", ""tax_rate"": ""0.19"", ""original_price_currency"": ""CNY"", ""shop_url"": ""https://www.aliexpress.com/store/1102726714"", ""target_original_price_currency"": ""EUR"", ""product_id"": 1005005483286611, ""target_original_price"": ""19.74"", ""product_video_url"": """", ""first_level_category_name"": ""Jewelry & Accessories"", ""promotion_link"": ""https://s.click.aliexpress.com/s/NdpwztbAIgDMmxGbP8fFks7yUFfsHjzlImSYmA68h7xlMRgzueFsRgokQ9f9hcpVKttxtQE2VzIoqkXJXrpOr6uR3zv7mP4CDO9CddoFf4t0QE5DXPy8Pgjhz4irfQSEjEGUmy5yF3A5gJ9h3NYjLMgqIMqa3zcpq5E2BC3W5EbV40Dm9buQxWpZzw1lbX8Zm2kZtNIa4KyDieNjsH7IU6Yv8StELKVvT9r4eFAaXPGhwHsgaDqdNcmY116r3GC2YvsOopeiiZPhJrV0cwgOQDSkW93v7gVKDqPkXyZF1oSWa6wSAOeznMFVlVYQ2JEKQwHjmw9Np6qiLlVu8NskgOaMylgrpui0zYb9o4Vj2QsU1qCPwrgERACG083bt61SVLXANR8ALAkmjLYIFbC5GkGhZZeYJciJMGjdKP3r6eD3BKbJNNPBdAqEr9RlcLdSwEtJ9eXGGDIu3qN0lcQr2vOJ6J7nCL4xJYjFt4NLKdwtkiBTMJixtUKho1lwnWU25XbpeYbB3ATy2qIzNL5uqXEJ7w1RbAPR3BWZe0CUI1vFqMTGRbsiIiLCuDL5wLhonQrmApl0KBvUGrDhT7tvDL9Ks3U465I4RincUUashcNgqbq4YJDxmgehofCFzYJbW4eOuawQhUpC9KwtCnd0OHZ7JlsfDRL3untHbjna9YV3huKnSTFf48dkEPqP4zTmRkNSzJg4ymiZN3w5I0qyQhRSvRN2bu4htYhtNKvlGtHOLz9nwx57K1qch5jRxI87HCfCcXNCabo58JKxNuF7v8gansaw3DVssH0d7JlGlr5N3FO3ce0A6pMyNeVDFspIy23dnGFwV9ZRodx0KdezRzbMR6EpcWSQWwe5AORSN34gkxmyZSj1kRw9xwun6nvDCFI6tFqWmd2UhyPCU3CRyF7wBpQ1MzALEXhbwTMhwvwu9hdtm75X8bQsJDMwkhmdWCKYC2gpeLwQ84fwn1z4GwXdklNGzICFqAs4SdHhCwwb1"", ""sku_id"": 12000033264237860, ""evaluate_rate"": ""100.0%"", ""shop_name"": ""MZ Jewelry Store"", ""sale_price"": ""130.75"", ""product_title"": ""Natural Green Jadeite Bangle Jade Bracelet Charm Luxury Jewellery Fashion Accessories Hand-Carved Amulet Gifts for Women Her Men"", ""hot_product_commission_rate"": ""0.0%"", ""shop_id"": 1102726714, ""app_sale_price_currency"": ""CNY"", ""sale_price_currency"": ""CNY"", ""lastest_volume"": 7, ""target_app_sale_price"": ""15.99"", ""commission_rate"": ""7.0%""}"
1005008937958716,1104721117,925Pure Silver Dominant Men's Ring Platedpt950Custom from Gold,https://www.aliexpress.com/item/1005008937958716.html?pdp_npi=4%40dis%21EUR%2120.61%2116.49%21%21%21168.52%21134.83%21%402140c65d17556023723312379d0e1e%2112000047279758474%21affd%21%21%21,https://ae-pic-a1.aliexpress-media.com/kf/Sc794cdb34178403284f6e6cc3bb864c6K.jpg,168.52,16.49,CNY,EUR,19%,,Jewelry & Accessories,Customized Jewelry,PENDING,2025-08-19 11:55:02.311469,2025-08-19 11:55:02.311469,"{""app_sale_price"": ""134.83"", ""original_price"": ""168.52"", ""product_detail_url"": ""https://www.aliexpress.com/item/1005008937958716.html?pdp_npi=4%40dis%21EUR%2120.61%2116.49%21%21%21168.52%21134.83%21%402140c65d17556023723312379d0e1e%2112000047279758474%21affd%21%21%21"", ""product_small_image_urls"": {""string"": [""https://ae-pic-a1.aliexpress-media.com/kf/Sc794cdb34178403284f6e6cc3bb864c6K.jpg"", ""https://ae-pic-a1.aliexpress-media.com/kf/Sbc7a720cf2084d50b5806f73d59fbb0e4.jpg"", ""https://ae-pic-a1.aliexpress-media.com/kf/S16abb7d9a807405a832b62a31de4737cu.jpg"", ""https://ae-pic-a1.aliexpress-media.com/kf/S73b69dab40e443c5a6e11da4343bb3efs.jpg""]}, ""second_level_category_name"": ""Customized Jewelry"", ""target_sale_price"": ""16.49"", ""second_level_category_id"": 201239108, ""discount"": ""19%"", ""product_main_image_url"": ""https://ae-pic-a1.aliexpress-media.com/kf/Sc794cdb34178403284f6e6cc3bb864c6K.jpg"", ""first_level_category_id"": 36, ""target_sale_price_currency"": ""EUR"", ""target_app_sale_price_currency"": ""EUR"", ""tax_rate"": ""0.19"", ""original_price_currency"": ""CNY"", ""shop_url"": ""https://www.aliexpress.com/store/1104721117"", ""target_original_price_currency"": ""EUR"", ""product_id"": 1005008937958716, ""target_original_price"": ""20.61"", ""product_video_url"": ""https://video.aliexpress-media.com/play/u/ae_sg_item/6002234480/p/1/e/6/t/10301/4000276600927.mp4"", ""first_level_category_name"": ""Jewelry & Accessories"", ""promotion_link"": ""https://s.click.aliexpress.com/s/NdpwztbAIgDMmxGbP8fFks7yUFfsHjzlImSYmA68h7xlMRgzueFsRgokQ9f9hcpVKttxtQE2VzIoqkXJXrpOr6uR3zv7mP4CDO9CddoFf4t0QE5DXPy8Pgjhz4irfQSEjEGUmy5yF3A5gJ9h3NYjLMgqIMqa3zcpq5E2BC3W5EbV40Dm9buQxWpZzw1lbX8Zm2kZtNIa4KyDieNjsH7IU6Yv8StELKVvT9r4eFAaXPGhwHsgaDqdNcmY116r3GC2YvsOopeiiZPhJrV0cwgOQDSkW93v7gVKDqPkXyZF1oSWa6wSAOeznMFVlVYRbFMwjARi7HsVC7Ju9BBG7R8LQDe6XMBGyktkla1EcyR3j64SJE0NKFgwmHQ925f7QVrmFLPcMHr3ZJAB5SO0XLWhoa9Skuibtbap1qJJNdEomoKYm7s1UtoCCLa9ywf8LTNzqDSrINJYnPkrv5bml2qzm6j1urSR4iphDQgc95iS4Pnt1vb9EyHRgAZIS3HLUPJHrXwj4lDBp6BJv5JATbZBveePF9Pn0muplDuiu4qCEz4g2xYGuLrmdXFQp1irfflVro1fNzR8o3rK7HxkVJo5el1YIZ6UpH8HN4EX1T9o9u9pqfe7c7F8labbYygSPZIiFacswTUQ9E8kSZarxyQIkVLV1eJa6ph5hwYR2xjGR9YcMkomap3UKQQcAT9Zqwx2jReOURkSQmWTifGmA5ajzEgbxGOPXVuCnLEXjuzzfeWq8C2QE3dj9OUcv3xGnJ402mExZ6mUlNFoDLASEuMM6nq2ZlfXdVRkEOk7IGT7cC7QIC4ui7Q3JRnc8YXZaqNryXERFtgBGo8oakGnN7Gje361RnNGJ6Fjplqj6vVdLLzg6GdVOnUZ64dFbuxuxCimzAWx4i1hrWPxiWZUEV2DtPi4dX5Rn0aoEDUFlX0g36L1yg5ekoPLhjK5XqolaY28raOB563sFESHxXrat9UakNswVrH4pbJ9d4sSbJrt7HLRz"", ""sku_id"": 12000047279758474, ""shop_name"": ""ShinZue Store"", ""sale_price"": ""134.83"", ""product_title"": ""925Pure Silver Dominant Men's Ring Platedpt950Custom from Gold"", ""hot_product_commission_rate"": ""0.0%"", ""shop_id"": 1104721117, ""app_sale_price_currency"": ""CNY"", ""sale_price_currency"": ""CNY"", ""lastest_volume"": 1, ""target_app_sale_price"": ""16.49"", ""commission_rate"": ""7.0%""}"
1005009649285368,1102824226,Personalized Bull Head Ring Jewelry Finger Rings for Men Aesthetic Personality Woman,https://www.aliexpress.com/item/1005009649285368.html?pdp_npi=4%40dis%21EUR%216.30%211.89%21%21%2151.51%2115.45%21%402140c65d17556023723312379d0e1e%2112000049766199152%21affd%21%21%21,https://ae-pic-a1.aliexpress-media.com/kf/Sd641739052f14889a618902870a93d26g.jpg,51.51,1.89,CNY,EUR,70%,,Jewelry & Accessories,Customized Jewelry,PENDING,2025-08-19 11:55:02.329403,2025-08-19 11:55:02.329403,"{""app_sale_price"": ""15.45"", ""original_price"": ""51.51"", ""product_detail_url"": ""https://www.aliexpress.com/item/1005009649285368.html?pdp_npi=4%40dis%21EUR%216.30%211.89%21%21%2151.51%2115.45%21%402140c65d17556023723312379d0e1e%2112000049766199152%21affd%21%21%21"", ""product_small_image_urls"": {""string"": [""https://ae-pic-a1.aliexpress-media.com/kf/Sd641739052f14889a618902870a93d26g.jpg"", ""https://ae-pic-a1.aliexpress-media.com/kf/S002a7025f41446928348ebb65c9a42d4f.jpg"", ""https://ae-pic-a1.aliexpress-media.com/kf/Sccca2a82a4f94894ac76ac9cc1180741D.jpg"", ""https://ae-pic-a1.aliexpress-media.com/kf/S6b5f6645a96f4883818523666688deae0.jpg"", ""https://ae-pic-a1.aliexpress-media.com/kf/Sc15c5a39177d48dab55133acf710d1f9H.jpg"", ""https://ae-pic-a1.aliexpress-media.com/kf/S61068d4f4aaf4c8a87773575704e20e9I.jpg""]}, ""second_level_category_name"": ""Customized Jewelry"", ""target_sale_price"": ""1.89"", ""second_level_category_id"": 201239108, ""discount"": ""70%"", ""product_main_image_url"": ""https://ae-pic-a1.aliexpress-media.com/kf/Sd641739052f14889a618902870a93d26g.jpg"", ""first_level_category_id"": 36, ""target_sale_price_currency"": ""EUR"", ""target_app_sale_price_currency"": ""EUR"", ""tax_rate"": ""0.19"", ""original_price_currency"": ""CNY"", ""shop_url"": ""https://www.aliexpress.com/store/1102824226"", ""target_original_price_currency"": ""EUR"", ""product_id"": 1005009649285368, ""target_original_price"": ""6.30"", ""product_video_url"": """", ""first_level_category_name"": ""Jewelry & Accessories"", ""promotion_link"": ""https://s.click.aliexpress.com/s/NdpwztbAIgDMmxGbP8fFks7yUFfsHjzlImSYmA68h7xlMRgzueFsRgokQ9f9hcpVKttxtQE2VzIoqkXJXrpOr6uR3zv7mP4CDO9CddoFf4t0QE5DXPy8Pgjhz4irfQSEjEGUmy5yF3A5gJ9h3NYjLMgqIMqa3zcpq5E2BC3W5EbV40Dm9buQxWpZzw1lbX8Zm2kZtNIa4KyDieNjsH7IU6Yv8StELKVvT9r4eFAaXPGhwHsgaDqdNcmY116r3GC2YvsOopeiiZPhJrV0cwgOQDSkW93v7gVKDqPkXyZF1oSWa6wSAOeznMFVlVZer6SEOZE5B9oBpqzdoQeGDCLx4UVHbg7BiesejfnyKThEVssLTIXH3yrOa8hJCQWDIU16kV2smxdAQZQDBgGvdihHceB0PMv072VayHvPz771WHVHfvoJJX3JOPdXZQmTZ166IhjkV5djxL70eVEiRieDdi6ZVa1ssEmXq2cQqaiKxsiqvm14i1DYBA2OOwuadkTwMZf79ouoKaJ5RzjPqzfHTiGes9utVF0jZhfz7MvcIISG7UHoJ1DDjqmuQXEhAjshvhUsiamd4UJLP4euG1yuI0LMNqU6mey6foTgtFAEu34ztXyAXxeb9WAOy9pGmdx0iXsCsPkq3e9hZi3aJf1MtaFcjiN1SmRStP9pEfscTPOCrKjximPAZNLbhbmosN5OYsEA4JcP4hevf61oyxmjXX6sIu65JjFmwjg61IhBpAUsu9UbdDTi1jsJLzuTPPRFDkovVXt0tgbRTwO7IujhjLTr5GZIGLGd50MF9zCkbvEyPpO3hd5tZhPkhq7ghEOI44AHyPk799mV8e20ZZ64hPyJrJCpJahGRkn0H4ch1rhkvS9DiRsoR4JOBj4CRx6jTn1KXJytIDiV2fa1dXpcDy4DYvNJx6zZcn1KhnOxnpCWZxCp8wgCzsWj2ImNfbxZhRMPdyJhncW9dhg3Zub24CnDYjYIurNnqv9BR2DaDV1kR"", ""sku_id"": 12000049766199152, ""shop_name"": ""PIXNOR Jewerly Store"", ""sale_price"": ""15.45"", ""product_title"": ""Personalized Bull Head Ring Jewelry Finger Rings for Men Aesthetic Personality Woman"", ""hot_product_commission_rate"": ""10.0%"", ""shop_id"": 1102824226, ""app_sale_price_currency"": ""CNY"", ""sale_price_currency"": ""CNY"", ""lastest_volume"": 0, ""target_app_sale_price"": ""1.89"", ""commission_rate"": ""7.0%""}"
1005007514185208,910563362,Luxury Red Cinnabar Lucky Bag Key Buckle Pendant Necklace Natural Genuine Women's Jewelry Accessories Energy Gift Best Seller,https://www.aliexpress.com/item/1005007514185208.html?pdp_npi=4%40dis%21EUR%213.56%212.49%21%21%214.05%212.83%21%402140c65d17556023723312379d0e1e%2112000041086563974%21affd%21%21%21,https://ae-pic-a1.aliexpress-media.com/kf/Sb0bd8936b9d247bd83b7d4546a0acd47f.jpg,4.05,2.49,USD,EUR,30%,96.7%,Jewelry & Accessories,Customized Jewelry,PENDING,2025-08-19 11:55:02.334859,2025-08-19 11:55:02.334859,"{""app_sale_price"": ""2.83"", ""original_price"": ""4.05"", ""product_detail_url"": ""https://www.aliexpress.com/item/1005007514185208.html?pdp_npi=4%40dis%21EUR%213.56%212.49%21%21%214.05%212.83%21%402140c65d17556023723312379d0e1e%2112000041086563974%21affd%21%21%21"", ""product_small_image_urls"": {""string"": [""https://ae-pic-a1.aliexpress-media.com/kf/Sb0bd8936b9d247bd83b7d4546a0acd47f.jpg"", ""https://ae-pic-a1.aliexpress-media.com/kf/Sf36a346c42cf43b7905d2e3306cf1c57A.jpg"", ""https://ae-pic-a1.aliexpress-media.com/kf/S6053cee1238b40fbb37548ea2f15f840x.jpg"", ""https://ae-pic-a1.aliexpress-media.com/kf/S5e938487cbe6405d8fb6f778d8f3921fh.jpg"", ""https://ae-pic-a1.aliexpress-media.com/kf/S440f83b0ce134f9081b4a2c537991abba.jpg"", ""https://ae-pic-a1.aliexpress-media.com/kf/S21aeda6e4d844f8f803c072f61542524M.jpg""]}, ""second_level_category_name"": ""Customized Jewelry"", ""target_sale_price"": ""2.49"", ""second_level_category_id"": 201239108, ""discount"": ""30%"", ""product_main_image_url"": ""https://ae-pic-a1.aliexpress-media.com/kf/Sb0bd8936b9d247bd83b7d4546a0acd47f.jpg"", ""first_level_category_id"": 36, ""target_sale_price_currency"": ""EUR"", ""target_app_sale_price_currency"": ""EUR"", ""tax_rate"": ""0.19"", ""original_price_currency"": ""USD"", ""shop_url"": ""https://www.aliexpress.com/store/910563362"", ""target_original_price_currency"": ""EUR"", ""product_id"": 1005007514185208, ""target_original_price"": ""3.56"", ""product_video_url"": """", ""first_level_category_name"": ""Jewelry & Accessories"", ""promotion_link"": ""https://s.click.aliexpress.com/s/NdpwztbAIgDMmxGbP8fFks7yUFfsHjzlImSYmA68h7xlMRgzueFsRgokQ9f9hcpVKttxtQE2VzIoqkXJXrpOr6uR3zv7mP4CDO9CddoFf4t0QE5DXPy8Pgjhz4irfQSEjEGUmy5yF3A5gJ9h3NYjLMgqIMqa3zcpq5E2BC3W5EbV40Dm9buQxWpZzw1lbX8Zm2kZtNIa4KyDieNjsH7IU6Yv8StELKVvT9r4eFAaXPGhwHsgaDqdNcmY116r3GC2YvsOopeiiZPhJrV0cwgOQDSkW93v7gVKDqPkXyZF1oSWa6wSAOeznMFVlVZbuvONKlDyqLKEXtJPAEbfR4aQm2Iyibib1TJQdOczqhuG041eFklWodTxdWeTA0arZSHuvAqrIe8P7MLOzTvSp09p1hLEJJ1YXgp9OOsIxDHep6NgE6TOvbzxwcY4FyE7D6IUSNZVvlsKN8DXOZQc6c8Hw0wQxU97AlwLsjqT0pbemqy4aq1Y69zc3t1t2GJ42p1W6RJ5C8T7V9r3tRYBDspicwT6HWmJitnViqwsKgFQ6rrHTel1tQBMkkgvOKIxoEEAHwTbl7ALovO47aIUIQeg7Udfnt94LJXlhBUC7CSsCMUmb2jVWXIPhRIpH5JFOK4kBlNFFm8Lmoi5m1h0uSWyS6oVG9soeTnMVZsExbXh9OUpFfS7zL4c81s3UW6Y4EftmIHMdY7Lu43esPXmdRBGKz3cRg4SGsLQF5qPp8ooBPjwnEHmuY9Y7S1Cz6Idr5uP5HXZjEBpDuaujjs5QRVRvL5W70ohgLbewarWVsNg3aMkIyiPVgZgJnJ0J30VByA4t6rDCJQIdypoqh2Ag6iANIa5D42FapdTqc2aQWCjGIhUfqFt29APeywNkrwPdlnp6AgVRL0IqlofQmMi6hZo2dkd8r63CrqHhRCf7qyJXG9A4F4HGzeLQZiQs3GkMgNXOEmGds5x9N1lc6hivJkr8afqGi9Y8ZcGycPRIq3UMnbab"", ""sku_id"": 12000041086563974, ""evaluate_rate"": ""96.7%"", ""shop_name"": ""Shop910563362 Store"", ""sale_price"": ""2.83"", ""product_title"": ""Luxury Red Cinnabar Lucky Bag Key Buckle Pendant Necklace Natural Genuine Women's Jewelry Accessories Energy Gift Best Seller"", ""hot_product_commission_rate"": ""0.0%"", ""shop_id"": 910563362, ""app_sale_price_currency"": ""USD"", ""sale_price_currency"": ""USD"", ""lastest_volume"": 10, ""target_app_sale_price"": ""2.49"", ""commission_rate"": ""7.0%""}"
1005009663150511,4093002,Aazuo 18K Yellow Gold White Gold Natrual Color Sapphire Real Diamonds Open Bangle For Woman Upscale Trendy Engagement Party,https://www.aliexpress.com/item/1005009663150511.html?pdp_npi=4%40dis%21EUR%211984.15%21952.39%21%21%212257.80%211083.74%21%402140c65d17556023723312379d0e1e%2112000049802755303%21affd%21%21%21,https://ae-pic-a1.aliexpress-media.com/kf/Sab37006c3d1142babc29746cb69a0b74T.jpg,2257.8,952.39,USD,EUR,52%,,Jewelry & Accessories,Customized Jewelry,PENDING,2025-08-19 11:55:02.340082,2025-08-19 11:55:02.340082,"{""app_sale_price"": ""1083.74"", ""original_price"": ""2257.80"", ""product_detail_url"": ""https://www.aliexpress.com/item/1005009663150511.html?pdp_npi=4%40dis%21EUR%211984.15%21952.39%21%21%212257.80%211083.74%21%402140c65d17556023723312379d0e1e%2112000049802755303%21affd%21%21%21"", ""product_small_image_urls"": {""string"": [""https://ae-pic-a1.aliexpress-media.com/kf/Sab37006c3d1142babc29746cb69a0b74T.jpg"", ""https://ae-pic-a1.aliexpress-media.com/kf/S9db8f0f8e77a4cfcbcede153428404f1N.jpg"", ""https://ae-pic-a1.aliexpress-media.com/kf/S3ea1dba1bbd74cf996864362a6a2c3e47.jpg""]}, ""second_level_category_name"": ""Customized Jewelry"", ""target_sale_price"": ""952.39"", ""second_level_category_id"": 201239108, ""discount"": ""52%"", ""product_main_image_url"": ""https://ae-pic-a1.aliexpress-media.com/kf/Sab37006c3d1142babc29746cb69a0b74T.jpg"", ""first_level_category_id"": 36, ""target_sale_price_currency"": ""EUR"", ""target_app_sale_price_currency"": ""EUR"", ""tax_rate"": ""0.19"", ""original_price_currency"": ""USD"", ""shop_url"": ""https://www.aliexpress.com/store/4093002"", ""target_original_price_currency"": ""EUR"", ""product_id"": 1005009663150511, ""target_original_price"": ""1984.15"", ""product_video_url"": """", ""first_level_category_name"": ""Jewelry & Accessories"", ""promotion_link"": ""https://s.click.aliexpress.com/s/NdpwztbAIgDMmxGbP8fFks7yUFfsHjzlImSYmA68h7xlMRgzueFsRgokQ9f9hcpVKttxtQE2VzIoqkXJXrpOr6uR3zv7mP4CDO9CddoFf4t0QE5DXPy8Pgjhz4irfQSEjEGUmy5yF3A5gJ9h3NYjLMgqIMqa3zcpq5E2BC3W5EbV40Dm9buQxWpZzw1lbX8Zm2kZtNIa4KyDieNjsH7IU6Yv8StELKVvT9r4eFAaXPGhwHsgaDqdNcmY116r3GC2YvsOopeiiZPhJrV0cwgOQDSkW93v7gVKDqPkXyZF1oSWa6wSAOeznMFVlVYQ1gueXtYLs4Y1nFD9vfapl9sKt5wRJwFwxWHwY3jPWJwj5CvejBYB045XXr18jzCjR9E09W3gpgWl9MDbASJSxML7HOt0YMzU4lR1q9n4Da1IV7H34d3PMSP48XkREHK3AJxuBebSusyHJQpuojjO7ATSGGogE2lB5xefScZmCPI7ZgMPHXSxrN6R37IiK4xxS4nXwhK4wtq9D7ppG44Li2hBdUwBv7VowRmoXEquc2V2xfkhxuQC7iLsVsZ8cNMfwz6enF8yv1AVNFSaVFJXPFRQkJnfdPMF332gDzMuMVlxprZRsuxx79l8GIJ7UCWyTJ4aiRTaKyeJaKRJXoJ4ypdJ5Q3JI60Snc4okDNltRQUYgQabJCVYxgToVzv17shN16Nvnu0mQHlBGnBzgrWaqNptbut74DfsszwNhvGn7cXUFc48CkojN4h2kEcrMY18UIKqxBJxS7NNWSBSHCVvmPoeOug3Itqw1yD41Qs89vJEPxTFKsogyNi4rUFuhH8uvxYf2W1VsRW9QX4BF2BhH3PF3VNoGs8ASa2qHsf7gekib84cusKfCpqSNZapWyFHU9VxQAEEUUY32KaYXXDTpl88aUbkkMZ24MsgiZ7SvsyWZuLNcjbA34kRSBy9K25xMvMACGu3II0i6WIdVv3YnLzZoRrlTNdEdgu7JOHUOVxJMmqr"", ""sku_id"": 12000049802755303, ""shop_name"": ""Aazuo Official Store"", ""sale_price"": ""1083.74"", ""product_title"": ""Aazuo 18K Yellow Gold White Gold Natrual Color Sapphire Real Diamonds Open Bangle For Woman Upscale Trendy Engagement Party"", ""hot_product_commission_rate"": ""0.0%"", ""shop_id"": 4093002, ""app_sale_price_currency"": ""USD"", ""sale_price_currency"": ""USD"", ""lastest_volume"": 0, ""target_app_sale_price"": ""952.39"", ""commission_rate"": ""7.0%""}"
1005006631256214,1100354350,Pure Gold Color Sunflower Jewelry Set for Women Bracelet Pendant Necklaces Shiny Exquisite Jewelry Set Gift for Women,https://www.aliexpress.com/item/1005006631256214.html?pdp_npi=4%40dis%21EUR%2147.97%2116.79%21%21%2154.59%2119.11%21%402140c65d17556023723312379d0e1e%2112000037875862275%21affd%21%21%21,https://ae-pic-a1.aliexpress-media.com/kf/S7492bac1bfe94ba68fd4ae6defdfb2f5O.jpg,54.59,16.79,USD,EUR,64%,,Jewelry & Accessories,Customized Jewelry,PENDING,2025-08-19 11:55:02.348281,2025-08-19 11:55:02.348281,"{""app_sale_price"": ""19.11"", ""original_price"": ""54.59"", ""product_detail_url"": ""https://www.aliexpress.com/item/1005006631256214.html?pdp_npi=4%40dis%21EUR%2147.97%2116.79%21%21%2154.59%2119.11%21%402140c65d17556023723312379d0e1e%2112000037875862275%21affd%21%21%21"", ""product_small_image_urls"": {""string"": [""https://ae-pic-a1.aliexpress-media.com/kf/S7492bac1bfe94ba68fd4ae6defdfb2f5O.jpg"", ""https://ae-pic-a1.aliexpress-media.com/kf/S98f2bf7f26f642689505f18f4aeff841E.jpg"", ""https://ae-pic-a1.aliexpress-media.com/kf/S636a240cdccd4931bd4197be78c24676s.jpg"", ""https://ae-pic-a1.aliexpress-media.com/kf/Sc548462dd8444feaa92d2b179a56ad58A.jpg"", ""https://ae-pic-a1.aliexpress-media.com/kf/S51119cfc8dac43b080f62692e74cb0fbU.jpg"", ""https://ae-pic-a1.aliexpress-media.com/kf/Sd582832dfcf14b839bab0f330b57dc3cN.jpg""]}, ""second_level_category_name"": ""Customized Jewelry"", ""target_sale_price"": ""16.79"", ""second_level_category_id"": 201239108, ""discount"": ""64%"", ""product_main_image_url"": ""https://ae-pic-a1.aliexpress-media.com/kf/S7492bac1bfe94ba68fd4ae6defdfb2f5O.jpg"", ""first_level_category_id"": 36, ""target_sale_price_currency"": ""EUR"", ""target_app_sale_price_currency"": ""EUR"", ""tax_rate"": ""0.19"", ""original_price_currency"": ""USD"", ""shop_url"": ""https://www.aliexpress.com/store/1100354350"", ""target_original_price_currency"": ""EUR"", ""product_id"": 1005006631256214, ""target_original_price"": ""47.97"", ""product_video_url"": """", ""first_level_category_name"": ""Jewelry & Accessories"", ""promotion_link"": ""https://s.click.aliexpress.com/s/NdpwztbAIgDMmxGbP8fFks7yUFfsHjzlImSYmA68h7xlMRgzueFsRgokQ9f9hcpVKttxtQE2VzIoqkXJXrpOr6uR3zv7mP4CDO9CddoFf4t0QE5DXPy8Pgjhz4irfQSEjEGUmy5yF3A5gJ9h3NYjLMgqIMqa3zcpq5E2BC3W5EbV40Dm9buQxWpZzw1lbX8Zm2kZtNIa4KyDieNjsH7IU6Yv8StELKVvT9r4eFAaXPGhwHsgaDqdNcmY116r3GC2YvsOopeiiZPhJrV0cwgOQDSkW93v7gVKDqPkXyZF1oSWa6wSAOeznMFVlVZD4x95ez8UUylr6jLEONH7vpmLgsEPiYl1B1vwBwbMPrbuoNKiHchbLHMc7SpczUXtYMdGrHUxfk8j4OGOKkastqMWK2r9VYLpVv01zTymrjBOkraRuiAUuSuO6X5D2if9FiOfphGmcdmgcS9PAvLM6AkBfoGA66ZQIgb2H6nuIaLwDVerwp97hgMFeYrEA1GBiOhxALG5wBLAgg045FFXKF5ctcpdg2MyQRu1HUQXz46RvxdTTu8vV9HThwOLNk7csMIZf7O0LOdRvCr3qu76TRMrAZSrIrJ1ipp1U0zyUGgweXcqys3rpreQRJhrGDQq851Pbhb5CO9vndGuT3MLuL5uoVGpRala7ZG2YxkwA22gZgOvMeqaclnIgXxUMa9d0z7nL8jtHSKw5WGkbsH7vCcV6edsTPKZJkijSwO59UNAqgjb7o2Wg7WhMR8BWL4RFbwPGELb7RDPGT1gIBC4McxvN2PALz1WNmIDawEw6O5csjTPlBXsnPRl1zC7WeikHDadCp9Zf4FJ8oDQQNN4CxReEla6SCZTwUSXesyftxTUkIZpzLVpyS5i6ac9u1D8rBEOsadi8cSGCw0Mg75BtmIVT9sVF0JMA5Dkl5eNlAm7JON4nhmXXvUjCVuFqtqwOP8VsoSYpaOYmUgY3we95gAlHFhpYnZuVIShsVHAPBT6mCntZ"", ""sku_id"": 12000037875862275, ""shop_name"": ""BlackAngel Outfit Store"", ""sale_price"": ""19.11"", ""product_title"": ""Pure Gold Color Sunflower Jewelry Set for Women Bracelet Pendant Necklaces Shiny Exquisite Jewelry Set Gift for Women"", ""hot_product_commission_rate"": ""8.0%"", ""shop_id"": 1100354350, ""app_sale_price_currency"": ""USD"", ""sale_price_currency"": ""USD"", ""lastest_volume"": 1, ""target_app_sale_price"": ""16.79"", ""commission_rate"": ""7.0%""}"
1005009498078900,1104743007,French Retro Colorful Silk Scarf Bracelet Matte Gold Open Bangle Women's Niche Design Layered Jewelry,https://www.aliexpress.com/item/1005009498078900.html?pdp_npi=4%40dis%21EUR%218.91%216.59%21%21%2172.85%2153.88%21%402140c65d17556023723312379d0e1e%2112000049285941266%21affd%21%21%21,https://ae-pic-a1.aliexpress-media.com/kf/S694347a1dbf24a6c92921f26dc74d8a6W.jpg,72.85,6.59,CNY,EUR,26%,,Jewelry & Accessories,Customized Jewelry,PENDING,2025-08-19 11:55:02.356385,2025-08-19 11:55:02.356385,"{""app_sale_price"": ""53.88"", ""original_price"": ""72.85"", ""product_detail_url"": ""https://www.aliexpress.com/item/1005009498078900.html?pdp_npi=4%40dis%21EUR%218.91%216.59%21%21%2172.85%2153.88%21%402140c65d17556023723312379d0e1e%2112000049285941266%21affd%21%21%21"", ""product_small_image_urls"": {""string"": [""https://ae-pic-a1.aliexpress-media.com/kf/S694347a1dbf24a6c92921f26dc74d8a6W.jpg"", ""https://ae-pic-a1.aliexpress-media.com/kf/Sb60ce0f254b84a7fbe63d3fd4117acb5z.jpg"", ""https://ae-pic-a1.aliexpress-media.com/kf/S8671559dbae74e38846da0e17609b6f3F.jpg"", ""https://ae-pic-a1.aliexpress-media.com/kf/S8cb626c6e65d45febf4c3538e5fe5d57I.jpg"", ""https://ae-pic-a1.aliexpress-media.com/kf/S08ef2a92ef3941cab43ef29b8fe20e25P.jpg"", ""https://ae-pic-a1.aliexpress-media.com/kf/Scc316af40b294e8ca47e316f8d34a512j.jpg""]}, ""second_level_category_name"": ""Customized Jewelry"", ""target_sale_price"": ""6.59"", ""second_level_category_id"": 201239108, ""discount"": ""26%"", ""product_main_image_url"": ""https://ae-pic-a1.aliexpress-media.com/kf/S694347a1dbf24a6c92921f26dc74d8a6W.jpg"", ""first_level_category_id"": 36, ""target_sale_price_currency"": ""EUR"", ""target_app_sale_price_currency"": ""EUR"", ""tax_rate"": ""0.19"", ""original_price_currency"": ""CNY"", ""shop_url"": ""https://www.aliexpress.com/store/1104743007"", ""target_original_price_currency"": ""EUR"", ""product_id"": 1005009498078900, ""target_original_price"": ""8.91"", ""product_video_url"": """", ""first_level_category_name"": ""Jewelry & Accessories"", ""promotion_link"": ""https://s.click.aliexpress.com/s/NdpwztbAIgDMmxGbP8fFks7yUFfsHjzlImSYmA68h7xlMRgzueFsRgokQ9f9hcpVKttxtQE2VzIoqkXJXrpOr6uR3zv7mP4CDO9CddoFf4t0QE5DXPy8Pgjhz4irfQSEjEGUmy5yF3A5gJ9h3NYjLMgqIMqa3zcpq5E2BC3W5EbV40Dm9buQxWpZzw1lbX8Zm2kZtNIa4KyDieNjsH7IU6Yv8StELKVvT9r4eFAaXPGhwHsgaDqdNcmY116r3GC2YvsOopeiiZPhJrV0cwgOQDSkW93v7gVKDqPkXyZF1oSWa6wSAOeznMFVlVZb0c2kt3vHkO5UlJGET4VSx1iVCBYq27ldjLKNifYctZkFUy1albbtRnCutXA5TyV2FOKXLxNp5anBqTVkoDWyrVERFh4ZUDCDlklRpagucBBB8ZSfE66Qxj18U7vA1QSnoLw6TCNTffqLpxXOkU0dCamiObTmwG4yIbQ8bHg6qx8RSZKslbyd1cqxXdPbdt7TaYGgC7ETeHEKIW9yYRmGPFtaP9xYmEqJ61UoLb1XczMSC9azyYv3lrkEUQCxwigE6Y4BV6EGjw7EZQgaxmPipHbFm1nltGskGlej8gFSPSHouHDJ5vkixgVkbU9H9XtuLS67bVkfLMJNBaIcQVDVNqVkDo0BHptbIWwEVme6JGQsFZrzso4gbewnSV3POMzn8Ar5Jf0acIzonsYSQz0SxexLRIWBz8grQvvIsxHonqha5N7szwSnu0f3wygQeJLSimbEfMUcmaxNBVImSPfxLCn5eLGH2vexBXlQM6CDawvCbXniUpwucXf3XbL4BqQ15LQdZ0gwKleV7Iaq4JnMRHKnw3CtbPWTy1qY3JGF6fogWRpRNViWNZx1mOOU7TEogTMRkk8lUm5uNqgFHq8unFgA43XqebHfIXpu4moiQLINlCjvUAJNCUs22SExcF0VEjtGRU9GH2cklj07i8twFkvFTeF1oJkiJPwnMgzowBzwiHYmr"", ""sku_id"": 12000049285941266, ""shop_name"": ""K-Nice Fashion Store"", ""sale_price"": ""53.88"", ""product_title"": ""French Retro Colorful Silk Scarf Bracelet Matte Gold Open Bangle Women's Niche Design Layered Jewelry"", ""hot_product_commission_rate"": ""8.0%"", ""shop_id"": 1104743007, ""app_sale_price_currency"": ""CNY"", ""sale_price_currency"": ""CNY"", ""lastest_volume"": 0, ""target_app_sale_price"": ""6.59"", ""commission_rate"": ""7.0%""}"
1005007514051339,1102337962,Natural V-shaped Cinnabar Love Heart Earrings Necklace Set Fashion Light Luxury Red Heart Cinnabar Pendant Ladies Birthday Gift,https://www.aliexpress.com/item/1005007514051339.html?pdp_npi=4%40dis%21EUR%216.13%213.99%21%21%216.97%214.53%21%402140c65d17556023723312379d0e1e%2112000041086508006%21affd%21%21%21,https://ae-pic-a1.aliexpress-media.com/kf/S4103382ee24643029175befb7f35e44bR.jpg,6.97,3.99,USD,EUR,35%,0.0%,Jewelry & Accessories,Customized Jewelry,PENDING,2025-08-19 11:55:02.362133,2025-08-19 11:55:02.362133,"{""app_sale_price"": ""4.53"", ""original_price"": ""6.97"", ""product_detail_url"": ""https://www.aliexpress.com/item/1005007514051339.html?pdp_npi=4%40dis%21EUR%216.13%213.99%21%21%216.97%214.53%21%402140c65d17556023723312379d0e1e%2112000041086508006%21affd%21%21%21"", ""product_small_image_urls"": {""string"": [""https://ae-pic-a1.aliexpress-media.com/kf/S4103382ee24643029175befb7f35e44bR.jpg"", ""https://ae-pic-a1.aliexpress-media.com/kf/Sd0faee7640924c4ab6c8579bd2b2f807i.jpg"", ""https://ae-pic-a1.aliexpress-media.com/kf/S2e6384e912314bd8a9e0ed0719ed146cq.jpg"", ""https://ae-pic-a1.aliexpress-media.com/kf/S737b53dc10fc407a936a4a5c254541516.jpg"", ""https://ae-pic-a1.aliexpress-media.com/kf/S93f29cd4bb234a8c9ebd83c4b7914cb0P.jpg""]}, ""second_level_category_name"": ""Customized Jewelry"", ""target_sale_price"": ""3.99"", ""second_level_category_id"": 201239108, ""discount"": ""35%"", ""product_main_image_url"": ""https://ae-pic-a1.aliexpress-media.com/kf/S4103382ee24643029175befb7f35e44bR.jpg"", ""first_level_category_id"": 36, ""target_sale_price_currency"": ""EUR"", ""target_app_sale_price_currency"": ""EUR"", ""tax_rate"": ""0.19"", ""original_price_currency"": ""USD"", ""shop_url"": ""https://www.aliexpress.com/store/1102337962"", ""target_original_price_currency"": ""EUR"", ""product_id"": 1005007514051339, ""target_original_price"": ""6.13"", ""product_video_url"": """", ""first_level_category_name"": ""Jewelry & Accessories"", ""promotion_link"": ""https://s.click.aliexpress.com/s/NdpwztbAIgDMmxGbP8fFks7yUFfsHjzlImSYmA68h7xlMRgzueFsRgokQ9f9hcpVKttxtQE2VzIoqkXJXrpOr6uR3zv7mP4CDO9CddoFf4t0QE5DXPy8Pgjhz4irfQSEjEGUmy5yF3A5gJ9h3NYjLMgqIMqa3zcpq5E2BC3W5EbV40Dm9buQxWpZzw1lbX8Zm2kZtNIa4KyDieNjsH7IU6Yv8StELKVvT9r4eFAaXPGhwHsgaDqdNcmY116r3GC2YvsOopeiiZPhJrV0cwgOQDSkW93v7gVKDqPkXyZF1oSWa6wSAOeznMFVlVYQAgEVdv5ySAafMvHMy3YX51Dh7vHnUdcyatsX5pMV7cRHmYL6XvkjxjHASudxiqozjhUneDshMYs7gP5AAfyrlso3FVdJ6uIKSOHqobO3ha19ZQ5GOKFeauYDvBVNjA6tvRJq3N6On0WBFCOfoo7fsQshxTYmoKq6gVctTXg0mFSczRE9H8pvuCA6tUD2iriGvPU1HMCCTxxrm3t7z1OmHqjceERmLN27wkXBsL6KHuEqtGWncgp2HMuD3RrgLBlnnKVZwsSO05yBaB5r2fnMZTQK6btPVWX2o5HESaygL5VtW6Nm386rEGliBz5lX4VhqjndSwwRiQhVTU9v0fcZuWCywylrU6MxH7XhgyEceKgBjMBpP22pqPfjtsqF2dGqISaokAtt9wXeYpozkgX3EuxG1pGzUDVXIxnjrcoSZrcplawN3HUdaZmIojJEx3GX3FzXQQAxYrtl2eP2g5LZ2kiFwSPAt41kTHwhLc9IW5JQkkwARIfakihBwVyOI4HxnSrW1IQuB8Gabp30KTvRp2St0IVm4o1oS9BNXZH5jCOjs1F7yJn9hzjrZID2Qy4Hf1hdlRAVTf2Lt7rlg2CeeFmMwzd8trsw2KyLkiA98859tLcM5pkBGc70j2mRMTMYH5nFr6TrfpwolGJgsH0dlwvAjrULEAN1KsB1exfc8lgLU6Ljz"", ""sku_id"": 12000041086508006, ""evaluate_rate"": ""0.0%"", ""shop_name"": ""FanYC Store"", ""sale_price"": ""4.53"", ""product_title"": ""Natural V-shaped Cinnabar Love Heart Earrings Necklace Set Fashion Light Luxury Red Heart Cinnabar Pendant Ladies Birthday Gift"", ""hot_product_commission_rate"": ""0.0%"", ""shop_id"": 1102337962, ""app_sale_price_currency"": ""USD"", ""sale_price_currency"": ""USD"", ""lastest_volume"": 0, ""target_app_sale_price"": ""3.99"", ""commission_rate"": ""7.0%""}"
1005009641458559,1102847059,Bracelet Size Measurer Bracelets Wrist Measurement Tool for Jewelry,https://www.aliexpress.com/item/1005009641458559.html?pdp_npi=4%40dis%21EUR%211.83%210.88%21%21%2114.99%217.20%21%402140c65d17556023723312379d0e1e%2112000049732114354%21affd%21%21%21,https://ae-pic-a1.aliexpress-media.com/kf/Se03df7bcbfad44a4b9805f423787b6d02.jpg,14.99,0.88,CNY,EUR,52%,,Jewelry & Accessories,Customized Jewelry,PENDING,2025-08-19 11:55:02.373697,2025-08-19 11:55:02.373697,"{""app_sale_price"": ""7.20"", ""original_price"": ""14.99"", ""product_detail_url"": ""https://www.aliexpress.com/item/1005009641458559.html?pdp_npi=4%40dis%21EUR%211.83%210.88%21%21%2114.99%217.20%21%402140c65d17556023723312379d0e1e%2112000049732114354%21affd%21%21%21"", ""product_small_image_urls"": {""string"": [""https://ae-pic-a1.aliexpress-media.com/kf/Se03df7bcbfad44a4b9805f423787b6d02.jpg"", ""https://ae-pic-a1.aliexpress-media.com/kf/Sea1acf27faca4807b6d207deea5a38adL.jpg"", ""https://ae-pic-a1.aliexpress-media.com/kf/S184fb79a4bc04fc3a9ed58dee6b34286D.jpg"", ""https://ae-pic-a1.aliexpress-media.com/kf/Sdbea4cff807242b4965af14b2a7cc903N.jpg"", ""https://ae-pic-a1.aliexpress-media.com/kf/Sd2c3d5a82ad945d89da625a64e2402f1J.jpg"", ""https://ae-pic-a1.aliexpress-media.com/kf/Sc669c70cd0f246f9a0cb6e6392f7fb45c.jpg""]}, ""second_level_category_name"": ""Customized Jewelry"", ""target_sale_price"": ""0.88"", ""second_level_category_id"": 201239108, ""discount"": ""52%"", ""product_main_image_url"": ""https://ae-pic-a1.aliexpress-media.com/kf/Se03df7bcbfad44a4b9805f423787b6d02.jpg"", ""first_level_category_id"": 36, ""target_sale_price_currency"": ""EUR"", ""target_app_sale_price_currency"": ""EUR"", ""tax_rate"": ""0.19"", ""original_price_currency"": ""CNY"", ""shop_url"": ""https://www.aliexpress.com/store/1102847059"", ""target_original_price_currency"": ""EUR"", ""product_id"": 1005009641458559, ""target_original_price"": ""1.83"", ""product_video_url"": """", ""first_level_category_name"": ""Jewelry & Accessories"", ""promotion_link"": ""https://s.click.aliexpress.com/s/NdpwztbAIgDMmxGbP8fFks7yUFfsHjzlImSYmA68h7xlMRgzueFsRgokQ9f9hcpVKttxtQE2VzIoqkXJXrpOr6uR3zv7mP4CDO9CddoFf4t0QE5DXPy8Pgjhz4irfQSEjEGUmy5yF3A5gJ9h3NYjLMgqIMqa3zcpq5E2BC3W5EbV40Dm9buQxWpZzw1lbX8Zm2kZtNIa4KyDieNjsH7IU6Yv8StELKVvT9r4eFAaXPGhwHsgaDqdNcmY116r3GC2YvsOopeiiZPhJrV0cwgOQDSkW93v7gVKDqPkXyZF1oSWa6wSAOeznMFVlVYQjh4z9gN7CeKnaiSXD0fYs51KXM1xH7bhOaOo3onR3VvM2c5zovjQY96q4eo2ZFvci6V0nBgmCRLNOtLPoQBVVUhMsvovoZy0d3Ta1VBWHSv0qBFwhj7LSfJmzXSRiJyHdSSUOHHzGFMv2jl2HxRF9CzCPYqHMbL8C2qMThERQaWSoxvxY0XEPRfe8e0puW1NJwM7opmqbY7EYqKq7eL57MOiqV9noygeAue0uMzQQ8mF0ua3awIICrnBStyjPGzvUnqL6lJG4nFKndi0GxUd80RhT5rgrR8hE5xvWzzpdLa2U0SQ1v1GKuN0b9Kno3pkKeHfKIvpNrb1jHJBvKa3aFBwPR9vpM3ifbmsDvM7ElX4rrfM2s5r6nqOlvX86rVY6rNQTTGYrjP0mzHIs1R8trQmpxJsgc6Wqny1ms5gnEBgshYWE1QT7EpLPnV4sHF0mSPqAOdQjVUqmuh01Ty4q8NX34CMKdj1hTebJLnPpHWxm6DyxwXMSeYuE7TwtXBRr8VLqtCQ7GdjcaKVg3Eh2p8PDxoCibq7YWe6M1GNyiaeFzrawrJb5y5Ypt516a12gpuE3WrR3GYAcXDcQ5NlfOcPklI5OoUd4iiqsv4wrkhfCeYGaQv9mjXsGvZqSFLWiPSP2mjrTmDGJ1IdbJv3GjX3mCfib06jxiXrtqQzBlDznBuRt"", ""sku_id"": 12000049732114354, ""shop_name"": ""PIXNOR Dropshipping Store"", ""sale_price"": ""7.20"", ""product_title"": ""Bracelet Size Measurer Bracelets Wrist Measurement Tool for Jewelry"", ""hot_product_commission_rate"": ""30.0%"", ""shop_id"": 1102847059, ""app_sale_price_currency"": ""CNY"", ""sale_price_currency"": ""CNY"", ""lastest_volume"": 0, ""target_app_sale_price"": ""0.88"", ""commission_rate"": ""7.0%""}"
1005006727017317,107430,BAMOER Dragon Ring 925 Sterling Silver Adjustable Animal Rings Dragon Jewelry Gifts for Women Teens Girls SCR1017-E,https://www.aliexpress.com/item/1005006727017317.html?pdp_npi=4%40dis%21EUR%217.81%217.29%21%21%218.89%218.30%21%402140c65d17556023723312379d0e1e%2112000039152136413%21affd%21%21%21,https://ae-pic-a1.aliexpress-media.com/kf/Sf8acb78ef1a04ed782963a9510efdc15U.jpg,8.89,7.29,USD,EUR,6%,100.0%,Jewelry & Accessories,Customized Jewelry,PENDING,2025-08-19 11:55:02.379183,2025-08-19 11:55:02.379183,"{""app_sale_price"": ""8.30"", ""original_price"": ""8.89"", ""product_detail_url"": ""https://www.aliexpress.com/item/1005006727017317.html?pdp_npi=4%40dis%21EUR%217.81%217.29%21%21%218.89%218.30%21%402140c65d17556023723312379d0e1e%2112000039152136413%21affd%21%21%21"", ""product_small_image_urls"": {""string"": [""https://ae-pic-a1.aliexpress-media.com/kf/Sf8acb78ef1a04ed782963a9510efdc15U.jpg"", ""https://ae-pic-a1.aliexpress-media.com/kf/S25212ce219f44c64ac47131bef9e81a9A.jpg"", ""https://ae-pic-a1.aliexpress-media.com/kf/Sefd15b3763304d9bacfa2e89f9a4dacdH.jpg"", ""https://ae-pic-a1.aliexpress-media.com/kf/S2cb80269ba034fd682a05fe083b5d0f6h.jpg"", ""https://ae-pic-a1.aliexpress-media.com/kf/Sbc7d82c494bd4461b630ba8cbaadd6dfD.jpg"", ""https://ae-pic-a1.aliexpress-media.com/kf/S4840c4a24db342b79845fadb1587f755P.jpg""]}, ""second_level_category_name"": ""Customized Jewelry"", ""target_sale_price"": ""7.29"", ""second_level_category_id"": 201239108, ""discount"": ""6%"", ""product_main_image_url"": ""https://ae-pic-a1.aliexpress-media.com/kf/Sf8acb78ef1a04ed782963a9510efdc15U.jpg"", ""first_level_category_id"": 36, ""target_sale_price_currency"": ""EUR"", ""target_app_sale_price_currency"": ""EUR"", ""tax_rate"": ""0.19"", ""original_price_currency"": ""USD"", ""shop_url"": ""https://www.aliexpress.com/store/107430"", ""target_original_price_currency"": ""EUR"", ""product_id"": 1005006727017317, ""target_original_price"": ""7.81"", ""product_video_url"": """", ""first_level_category_name"": ""Jewelry & Accessories"", ""promotion_link"": ""https://s.click.aliexpress.com/s/NdpwztbAIgDMmxGbP8fFks7yUFfsHjzlImSYmA68h7xlMRgzueFsRgokQ9f9hcpVKttxtQE2VzIoqkXJXrpOr6uR3zv7mP4CDO9CddoFf4t0QE5DXPy8Pgjhz4irfQSEjEGUmy5yF3A5gJ9h3NYjLMgqIMqa3zcpq5E2BC3W5EbV40Dm9buQxWpZzw1lbX8Zm2kZtNIa4KyDieNjsH7IU6Yv8StELKVvT9r4eFAaXPGhwHsgaDqdNcmY116r3GC2YvsOopeiiZPhJrV0cwgOQDSkW93v7gVKDqPkXyZF1oSWa6wSAOeznMFVlVZbpc77ql5K3wtNl7gGDwIvHzHqVDxG5IoRPzCEVxHFFiZDF8jhVga3ir8ybFGpamLd2xbIexYZSrz3Z5AkIF9BXS1OEm1nNApVPRRZiFrLcLhAI7Wr6gCnMN5v1NLtNwABc00ys7XwFe0xdSBUo8evYjuQfwuske4rCLXQPnQYPyG1dcz7ZopL60XRBzWdInBlBVnDue9rGMeMdcGRKxsDnUqWlCDSIFiAv70vdhRj2nsL8Lqjarv2j8KmcRNMqvOBawg5wMS1OYGRODq7aQQFwn2FUKJvgaHKBc9lYGFdqsTTKO4nxvshpDbpcs3PsYo6FPucRVjzDkqgylBqIOplM7rZNzXeCRIJG0eTbMB0OYME0Fv1HHX9KMsOHJaV6gxJxAgoR88xwtIWAV7R7RSCZI2EHs6mIOD1HKx3alZclUI24dOIm1s8xme5HPYuybpZUZyCY4ccCG9J8TFwXW7rfGkssyaz5YpnKo3zO1T5C6U1p2XFZY1nFw7jG35KeR1LfCo62srr4I2gAjX1LL9YzekQ4yldRrtlBZHvXQkAVUuHylg0mQ2jyPHE8ifHOkd88wHbsGRLwuUUNfQtTHjGNprbW0n1CT8VvxcITVGyCPLRvFEjMvc68CbF2TVYMqq2OGbh24hucmGG739EUdi4mLRgjOdZEYWVHTlC4K0o5QdIbhkyj"", ""sku_id"": 12000039152136413, ""evaluate_rate"": ""100.0%"", ""shop_name"": ""bamoer Official Store"", ""sale_price"": ""8.30"", ""product_title"": ""BAMOER Dragon Ring 925 Sterling Silver Adjustable Animal Rings Dragon Jewelry Gifts for Women Teens Girls SCR1017-E"", ""hot_product_commission_rate"": ""0.0%"", ""shop_id"": 107430, ""app_sale_price_currency"": ""USD"", ""sale_price_currency"": ""USD"", ""lastest_volume"": 5, ""target_app_sale_price"": ""7.29"", ""commission_rate"": ""7.0%""}"
1005007523284932,912175649,EWYA GRA Certified 0.5-10CT D Color Moissanite Solitaire Engagement Rings for Women Silver 925 Wedding Bridal Big Diamond Band,https://www.aliexpress.com/item/1005007523284932.html?pdp_npi=4%40dis%21EUR%2131.32%2111.89%21%21%2135.64%2113.53%21%402140c65d17556023723312379d0e1e%2112000041138704368%21affd%21%21%21,https://ae-pic-a1.aliexpress-media.com/kf/S229dbc72d6e3470780b85e36c775c66d5.jpg,35.64,11.89,USD,EUR,62%,100.0%,Jewelry & Accessories,Customized Jewelry,PENDING,2025-08-19 11:55:02.394452,2025-08-19 11:55:02.394452,"{""app_sale_price"": ""13.53"", ""original_price"": ""35.64"", ""product_detail_url"": ""https://www.aliexpress.com/item/1005007523284932.html?pdp_npi=4%40dis%21EUR%2131.32%2111.89%21%21%2135.64%2113.53%21%402140c65d17556023723312379d0e1e%2112000041138704368%21affd%21%21%21"", ""product_small_image_urls"": {""string"": [""https://ae-pic-a1.aliexpress-media.com/kf/S229dbc72d6e3470780b85e36c775c66d5.jpg"", ""https://ae-pic-a1.aliexpress-media.com/kf/Sd91a2e0c3de840de93c9e1538dee651dS.jpg"", ""https://ae-pic-a1.aliexpress-media.com/kf/S077f8bad3ab946d28a36c59181b3414fq.jpg"", ""https://ae-pic-a1.aliexpress-media.com/kf/Sd9f2a05b483041b0ade7cd79bacbd69dd.jpg"", ""https://ae-pic-a1.aliexpress-media.com/kf/S5f749f482dee4ddca353693c2984b65fM.jpg"", ""https://ae-pic-a1.aliexpress-media.com/kf/Sb8cfc25280d44b948e4230ee42dde073c.jpg""]}, ""second_level_category_name"": ""Customized Jewelry"", ""target_sale_price"": ""11.89"", ""second_level_category_id"": 201239108, ""discount"": ""62%"", ""product_main_image_url"": ""https://ae-pic-a1.aliexpress-media.com/kf/S229dbc72d6e3470780b85e36c775c66d5.jpg"", ""first_level_category_id"": 36, ""target_sale_price_currency"": ""EUR"", ""target_app_sale_price_currency"": ""EUR"", ""tax_rate"": ""0.19"", ""original_price_currency"": ""USD"", ""shop_url"": ""https://www.aliexpress.com/store/912175649"", ""target_original_price_currency"": ""EUR"", ""product_id"": 1005007523284932, ""target_original_price"": ""31.32"", ""product_video_url"": """", ""first_level_category_name"": ""Jewelry & Accessories"", ""promotion_link"": ""https://s.click.aliexpress.com/s/NdpwztbAIgDMmxGbP8fFks7yUFfsHjzlImSYmA68h7xlMRgzueFsRgokQ9f9hcpVKttxtQE2VzIoqkXJXrpOr6uR3zv7mP4CDO9CddoFf4t0QE5DXPy8Pgjhz4irfQSEjEGUmy5yF3A5gJ9h3NYjLMgqIMqa3zcpq5E2BC3W5EbV40Dm9buQxWpZzw1lbX8Zm2kZtNIa4KyDieNjsH7IU6Yv8StELKVvT9r4eFAaXPGhwHsgaDqdNcmY116r3GC2YvsOopeiiZPhJrV0cwgOQDSkW93v7gVKDqPkXyZF1oSWa6wSAOeznMFVlVYQ4rhXHp7js7WQwi4xKpZS0yAoKSPfPzpAO83I4IAhy1fcv08WgLyZ9xiEjxNEgf3uUvc4Ar9Q0vka8lONySBHflWzPxc6d0KjLmitkK4PzRiXA0cqv4hsNORQ8tKaS9nspg0b2ylfT7vICFm4mQ4YPhCYyedCFZpUNHDFamoYwHF7fYDLUI6VcFGoJdYaweU4aTggZobzmqukvLYwmSZc0mk5XjDAZhzEBGXH0rjDV6kTibc1sGRNEagQ2BtCZO4OoyrhtlAFvROzQfnwFVqCavfoomlErmzmY3XtEP76C12pmUVXslXV5BoTYH0MiT98990KYj5nIO9C1nWtXvhOUJFrrzqNB0YZbsgj4TKiesQO4bnIJ2O1vDnz4IklbLopdMJtWygSwGDPsLFoIaP6xueApRdXhf6PLHePb1HWRByNmV98DXE4NF1DclIgnerigs3sgUuqg0NKprfTBHrJhBLJfdmW3CVWNKuKxdnV1t0ADs6ixEbl2uXzY6SUXDJ2ENYfRPHLOHbgG8de0I3W6hm1PjaBdf3yi7OSpRwYMLPoeqV26qQEFHOpXexzTwt1HCbUo7It1GQO3wwpRY7taC8UBLvXrdsaL2AIs2I0EtCBzdIWxgAXvTk8cTRKdSgHQiuauaWSrjck8kUgxgvEGFSYx2r1BbcYTwT6bi9bVx0gTM8jv"", ""sku_id"": 12000041138704368, ""evaluate_rate"": ""100.0%"", ""shop_name"": ""EWYA Official Store"", ""sale_price"": ""13.53"", ""product_title"": ""EWYA GRA Certified 0.5-10CT D Color Moissanite Solitaire Engagement Rings for Women Silver 925 Wedding Bridal Big Diamond Band"", ""hot_product_commission_rate"": ""0.0%"", ""shop_id"": 912175649, ""app_sale_price_currency"": ""USD"", ""sale_price_currency"": ""USD"", ""lastest_volume"": 206, ""target_app_sale_price"": ""11.89"", ""commission_rate"": ""7.0%""}"
1005009685776051,1103216151,Lab Grown PRINCESS Cut Customizable full-Size IGI Certified HPHT CVD Diamond D E Color VS1 VVS Clarity,https://www.aliexpress.com/item/1005009685776051.html?pdp_npi=4%40dis%21EUR%21978.84%21430.69%21%21%218003.60%213521.59%21%402140c65d17556023723312379d0e1e%2112000049855411879%21affd%21%21%21,https://ae-pic-a1.aliexpress-media.com/kf/S988ee4d7706f49449017ece9a47ab27f5.jpg,8003.6,430.69,CNY,EUR,55%,,Jewelry & Accessories,Customized Jewelry,PENDING,2025-08-19 11:55:02.402694,2025-08-19 11:55:02.402694,"{""app_sale_price"": ""3521.59"", ""original_price"": ""8003.60"", ""product_detail_url"": ""https://www.aliexpress.com/item/1005009685776051.html?pdp_npi=4%40dis%21EUR%21978.84%21430.69%21%21%218003.60%213521.59%21%402140c65d17556023723312379d0e1e%2112000049855411879%21affd%21%21%21"", ""product_small_image_urls"": {""string"": [""https://ae-pic-a1.aliexpress-media.com/kf/S988ee4d7706f49449017ece9a47ab27f5.jpg"", ""https://ae-pic-a1.aliexpress-media.com/kf/Se2365c144dba4c7e9eaf6be3f883f65fO.jpg"", ""https://ae-pic-a1.aliexpress-media.com/kf/S455d4ce4ebd14c149e6f6a7351913ec0d.jpg"", ""https://ae-pic-a1.aliexpress-media.com/kf/S9238f7ae417a4645ab7bbe7c2e3c83a7i.jpg"", ""https://ae-pic-a1.aliexpress-media.com/kf/Sb541dc11fb3c481fbea2b5f160ab81a4j.jpg"", ""https://ae-pic-a1.aliexpress-media.com/kf/Sb04c88be7df44b38b5f6249d2591659eO.jpg""]}, ""second_level_category_name"": ""Customized Jewelry"", ""target_sale_price"": ""430.69"", ""second_level_category_id"": 201239108, ""discount"": ""55%"", ""product_main_image_url"": ""https://ae-pic-a1.aliexpress-media.com/kf/S988ee4d7706f49449017ece9a47ab27f5.jpg"", ""first_level_category_id"": 36, ""target_sale_price_currency"": ""EUR"", ""target_app_sale_price_currency"": ""EUR"", ""tax_rate"": ""0.19"", ""original_price_currency"": ""CNY"", ""shop_url"": ""https://www.aliexpress.com/store/1103216151"", ""target_original_price_currency"": ""EUR"", ""product_id"": 1005009685776051, ""target_original_price"": ""978.84"", ""product_video_url"": """", ""first_level_category_name"": ""Jewelry & Accessories"", ""promotion_link"": ""https://s.click.aliexpress.com/s/NdpwztbAIgDMmxGbP8fFks7yUFfsHjzlImSYmA68h7xlMRgzueFsRgokQ9f9hcpVKttxtQE2VzIoqkXJXrpOr6uR3zv7mP4CDO9CddoFf4t0QE5DXPy8Pgjhz4irfQSEjEGUmy5yF3A5gJ9h3NYjLMgqIMqa3zcpq5E2BC3W5EbV40Dm9buQxWpZzw1lbX8Zm2kZtNIa4KyDieNjsH7IU6Yv8StELKVvT9r4eFAaXPGhwHsgaDqdNcmY116r3GC2YvsOopeiiZPhJrV0cwgOQDSkW93v7gVKDqPkXyZF1oSWa6wSAOeznMFVlVYQ0rD5839n1AAN8ZD4uGCsvJTd2NaMRoTzhnDGOCtt4ZBY4vqZQIFB6pb8l9URmR7JuOp2JZ3YS7ojul41zYCW5QXjHexhaGph5zcKi332dbSf9X4lWAj2Zpf14jumWuIE8OamxefeYAVuIaosfiXGtXPpM4xAoz3WtqbVfFy9eWdHcUjZdvIuGYmO8e8H4TErBZDRfqGdzcF91PB4i0EYK8Ov2yiV0zbeOMrMmKm4Rk4KoaOWzHUywoU2XtPxo12zxJRzC42sF8AuWkmqmS3AToaEgixhkUAqEsCOpa8gLxTeVaXMDTPHArJKvk1UBMXIlgUGG5oy9oQv7sMBwDhyf49OgvG7Pa3GTWOxxe1AkO5ZKExwMajM0Ja8mjhqSb6bQl44Lr69m6sr11h3sUkPYYarafJ2fKUk1xRbvpKHAGsJ9YbiNNBe2DPxrAfskC5bSnyVdvZSnFulrKe6f3ghPfh9GrCcx2PbidqPCQtYYXT8kPSwIxse1P9cprI7GvsQeYObFRuObO2rHNxKCo4fzBrRXRDJ1sJL7KX0fuBVqNQXIJPlMoim95Bue0tbLJyMJYDIhgBerHAbPCGUy5qokQVWUdnuAY5wCIfXI0HoDe7KWgt7EIlSXzbRZtt58ueLMpWZ7G2Bkyt5b47TRi4OsaMkevOZOWWPlXOTFxFIXVXmBeIJZ"", ""sku_id"": 12000049855411879, ""shop_name"": ""Shop1103216151 Store"", ""sale_price"": ""3521.59"", ""product_title"": ""Lab Grown PRINCESS Cut Customizable full-Size IGI Certified HPHT CVD Diamond D E Color VS1 VVS Clarity"", ""hot_product_commission_rate"": ""0.0%"", ""shop_id"": 1103216151, ""app_sale_price_currency"": ""CNY"", ""sale_price_currency"": ""CNY"", ""lastest_volume"": 0, ""target_app_sale_price"": ""430.69"", ""commission_rate"": ""7.0%""}"
906767737,910054,10PCS Inside 19MM Antique Bronze Champagne Gold Color Zinc Alloy Crown Rings Pendants Diy Jewelry Making Supplies Accessories,https://www.aliexpress.com/item/906767737.html?pdp_npi=4%40dis%21EUR%215.34%214.59%21%21%216.08%215.23%21%402140c65d17556023723312379d0e1e%2112000050071950606%21affd%21%21%21,https://ae-pic-a1.aliexpress-media.com/kf/Sdafe32ffc0b14e2eb1d21cc3d106d25bt.jpg,6.08,4.59,USD,EUR,14%,95.0%,Jewelry & Accessories,Jewelry Making,BLACKLIST,2025-08-19 11:55:02.436223,2025-08-19 11:55:02.436223,"{""app_sale_price"": ""5.23"", ""original_price"": ""6.08"", ""product_detail_url"": ""https://www.aliexpress.com/item/906767737.html?pdp_npi=4%40dis%21EUR%215.34%214.59%21%21%216.08%215.23%21%402140c65d17556023723312379d0e1e%2112000050071950606%21affd%21%21%21"", ""product_small_image_urls"": {""string"": [""https://ae-pic-a1.aliexpress-media.com/kf/Sdafe32ffc0b14e2eb1d21cc3d106d25bt.jpg"", ""https://ae-pic-a1.aliexpress-media.com/kf/S421b7eaa3efb49e9a889054ed9e0dc98i.jpg"", ""https://ae-pic-a1.aliexpress-media.com/kf/Sfe69729066194118bffcf5be39c27679c.jpg"", ""https://ae-pic-a1.aliexpress-media.com/kf/S38c6784a419f4366b494e0a14b8f2c8e3.jpg"", ""https://ae-pic-a1.aliexpress-media.com/kf/S13db3c4b0ed6412fa9c7ff48138d567dg.jpg"", ""https://ae-pic-a1.aliexpress-media.com/kf/S5ed85132ef1b4fe4b1ca402981873048M.jpg""]}, ""second_level_category_name"": ""Jewelry Making"", ""target_sale_price"": ""4.59"", ""second_level_category_id"": 201238105, ""discount"": ""14%"", ""product_main_image_url"": ""https://ae-pic-a1.aliexpress-media.com/kf/Sdafe32ffc0b14e2eb1d21cc3d106d25bt.jpg"", ""first_level_category_id"": 36, ""target_sale_price_currency"": ""EUR"", ""target_app_sale_price_currency"": ""EUR"", ""tax_rate"": ""0.19"", ""original_price_currency"": ""USD"", ""shop_url"": ""https://www.aliexpress.com/store/910054"", ""target_original_price_currency"": ""EUR"", ""product_id"": 906767737, ""target_original_price"": ""5.34"", ""product_video_url"": """", ""first_level_category_name"": ""Jewelry & Accessories"", ""promotion_link"": ""https://s.click.aliexpress.com/s/fwx308cRD9Eny963e3KDdYxyIpNj8TXVr7saiF9Um5rMUg1kZtJALLnfa2LNXtiVgnxdD8Og6MmvwBoxhnSYQGM6r0c08U4TfX8DFGo7vviCuu3q62Q60OAhRZcqm3G8PtwM69xY7TOEWRrvulP5ukZQ4uQbBBtaVsdr6EffAqVmp3O5GyUANU2DoA3dJufNhDfh7KOlLgKIvRVhDxRESHLmea6fTE26gLUqKEUuuizJiLENrCbax94DZHDu8WhaXM9vQ86gzlqceNPO5w3vwXm4VrBF3x2mTB7pPL5qeMmELZERsYZeO2YDTin4Gz3pKlGTrM7rXzrFLNAAvzi4UJrgyRiC7HqzvqmgOoWA3vOOQ18bC6DTGZlxuNf7HVOuerqySx5kiDYbrnv1R2fA8liaFCFzuSWJbnlQXVqrnMbf0dromklBWUDbTuh5P75mvy9f4HkG5iEnnPrJpEn8P6rXQ7CCaYoPPjDScKZWghmFElhgvGfXoVHzUDPvcl0J7LZdLaBvpXnxYnYWivg1E7Ay7T68NSqUOJTWV5pPghbtTwfXS4OYzYKK4V8rgGrtFtl6VVoBuCER2uq2kTrPy5M739VIQIFxO7XurULL5UGxgzAivdDexHhaoMIDMbkY0KEfbg295hqtVIPcBl1HM5y2jJHEVBnteD12oXSzSZyx4wHQa96qQH6dX7s3jap3IE2owQh2uK96MMpIK0KK0KL7EjTHN5XAKXtqBpSwAXcVlLadxZWrKXztGBqX4VLkr8p9BCOEg1ULYLY4WqGsEzVEKXJWUqXjhLmScQ3lW6Ma7XRnLQZzTRLf4oocwDka3uFvs7JS6k2vg3qQVEPZH8QlggKDaIRxuW8q4Hiau2bcUeYYw5k90TLF9f6sT0ACJ4PtVwhe3KB1NKXNwjsrEvf8rVbLgQFNu6wZ2kc1HPnvmsnxgMHfR2CqTEOcC7kcl9ztf1YFohNCvXFc71"", ""sku_id"": 12000050071950606, ""evaluate_rate"": ""95.0%"", ""shop_name"": ""Rosediy Official Store"", ""sale_price"": ""5.23"", ""product_title"": ""10PCS Inside 19MM Antique Bronze Champagne Gold Color Zinc Alloy Crown Rings Pendants Diy Jewelry Making Supplies Accessories"", ""hot_product_commission_rate"": ""0.0%"", ""shop_id"": 910054, ""app_sale_price_currency"": ""USD"", ""sale_price_currency"": ""USD"", ""lastest_volume"": 18, ""target_app_sale_price"": ""4.59"", ""commission_rate"": ""7.0%""}"
